Match_ID,Date,Season,Home_Team,Away_Team,Venue,City,Toss_Winner,Toss_Decision,Home_Runs,Home_Wickets,Home_Overs,Away_Runs,Away_Wickets,Away_Overs,Winner,Loser,Winning_Margin,Home_Result,Away_Result,Home_Top_Scorer,Home_Top_Runs,Away_Top_Scorer,Away_Top_Runs,Home_Top_Bowler,Home_Wickets_By_Top_Bowler,Away_Top_Bowler,Away_Wickets_By_Top_Bowler,Home_Impact_Player,Home_Impact_Runs,Home_Impact_Wickets,Away_Impact_Player,Away_Impact_Runs,Away_Impact_Wickets,Player_of_the_Match,Home_Fours,Home_Sixes,Away_Fours,Away_Sixes,Attendance,Match_Duration_Minutes,Umpire_1,Umpire_2,Home_Total_Wins,Home_Total_Losses,Away_Total_Wins,Away_Total_Losses,Orange_Cap,Purple_Cap,Tournament_MVP,Emerging_Player,Fair_Play_Award,Batting_First,Powerplay_Runs,Death_Overs_Runs,Dot_Balls,Extras,Wides,No_Balls,Run_Rate,Required_Run_Rate,Highest_Partnership,Highest_Individual_Score,Best_Bowling_Figures,Catches,Run_Outs,Stumpings,Toss_Win_Impact,Home_Win_Percentage,Away_Win_Percentage,Player_of_the_Series,Final_Awards
1,22-03-2026,IPL 2026,Mumbai Indians,Royal Challengers Bengaluru,Wankhede Stadium,Mumbai,Mumbai Indians,Field,221,9,20,186,2,20,Mumbai Indians,Royal Challengers Bengaluru,35 Runs,Win,Loss,Suryakumar Yadav,53,Krunal Pandya,61,Jasprit Bumrah,3,Jitesh Sharma,5,Hardik Pandya,60,4,Rajat Patidar,10,2,Suryakumar Yadav,18,15,16,9,65343,233,Umpire A,Umpire B,9,10,8,4,Jofra Archer,Shubman Gill,Virat Kohli,Nitish Reddy,Chennai Super Kings,Mumbai Indians,52,40,51,12,2,0,11.05,9.84,125,61,May-13,4,1,1,Yes,47.37,66.67,Jofra Archer,"Champions, Runner-up, Orange Cap, Purple Cap, MVP, Emerging Player, Fair Play"
2,23-03-2026,IPL 2026,Rajasthan Royals,Kolkata Knight Riders,Sawai Mansingh Stadium,Jaipur,Rajasthan Royals,Field,238,5,20,233,6,20,Rajasthan Royals,Kolkata Knight Riders,5 Runs,Win,Loss,Dhruv Jurel,47,Quinton de Kock,74,Sandeep Sharma,3,Harshit Rana,2,Shimron Hetmyer,4,0,Rinku Singh,14,0,Dhruv Jurel,24,6,23,11,34643,217,Umpire A,Umpire B,9,8,10,9,Jofra Archer,Shubman Gill,Virat Kohli,Nitish Reddy,Chennai Super Kings,Kolkata Knight Riders,79,50,35,4,7,0,11.9,13.59,136,74,03-Dec,5,3,0,Yes,52.94,52.63,Jofra Archer,"Champions, Runner-up, Orange Cap, Purple Cap, MVP, Emerging Player, Fair Play"
3,24-03-2026,IPL 2026,Kolkata Knight Riders,Chennai Super Kings,Eden Gardens,Kolkata,Kolkata Knight Riders,Field,175,9,20,180,5,20,Chennai Super Kings,Kolkata Knight Riders,5 Wickets,Loss,Win,Sunil Narine,90,R Ashwin,99,Rinku Singh,5,R Ashwin,5,Rinku Singh,55,0,MS Dhoni,43,0,R Ashwin,10,12,21,11,82467,240,Umpire A,Umpire B,10,9,4,10,Jofra Archer,Shubman Gill,Virat Kohli,Nitish Reddy,Chennai Super Kings,Kolkata Knight Riders,40,77,34,8,1,2,9,13.83,162,99,May-27,3,2,1,No,52.63,28.57,Jofra Archer,"Champions, Runner-up, Orange Cap, Purple Cap, MVP, Emerging Player, Fair Play"
4,25-03-2026,IPL 2026,Mumbai Indians,Punjab Kings,Wankhede Stadium,Mumbai,Mumbai Indians,Field,158,5,20,176,5,20,Punjab Kings,Mumbai Indians,5 Wickets,Loss,Win,Ryan Rickelton,57,Marcus Stoinis,51,Naman Dhir,2,Marcus Stoinis,2,Ryan Rickelton,59,1,Arshdeep Singh,10,3,Naman Dhir,17,13,13,12,89142,188,Umpire A,Umpire B,9,10,11,7,Jofra Archer,Shubman Gill,Virat Kohli,Nitish Reddy,Chennai Super Kings,Punjab Kings,48,87,58,14,1,3,8.8,13.7,171,57,Jun-33,7,3,2,No,47.37,61.11,Jofra Archer,"Champions, Runner-up, Orange Cap, Purple Cap, MVP, Emerging Player, Fair Play"
5,26-03-2026,IPL 2026,Mumbai Indians,Sunrisers Hyderabad,Wankhede Stadium,Mumbai,Sunrisers Hyderabad,Bat,166,2,20,193,8,20,Sunrisers Hyderabad,Mumbai Indians,2 Wickets,Loss,Win,Jasprit Bumrah,52,Ishan Kishan,52,Jasprit Bumrah,4,Nitish Reddy,2,Tilak Varma,3,4,Pat Cummins,30,4,Nitish Reddy,24,14,12,6,63281,190,Umpire A,Umpire B,9,10,7,7,Jofra Archer,Shubman Gill,Virat Kohli,Nitish Reddy,Chennai Super Kings,Sunrisers Hyderabad,58,67,27,9,2,3,9.65,11.94,83,52,May-22,7,3,0,Yes,47.37,50,Jofra Archer,"Champions, Runner-up, Orange Cap, Purple Cap, MVP, Emerging Player, Fair Play"
6,27-03-2026,IPL 2026,Royal Challengers Bengaluru,Gujarat Titans,M. Chinnaswamy Stadium,Bengaluru,Gujarat Titans,Bat,168,3,20,153,5,20,Royal Challengers Bengaluru,Gujarat Titans,15 Runs,Win,Loss,Bhuvneshwar Kumar,85,Sai Sudharsan,75,Jitesh Sharma,4,Shubman Gill,5,Bhuvneshwar Kumar,8,2,Mohammed Siraj,29,2,Bhuvneshwar Kumar,24,18,24,7,30610,214,Umpire A,Umpire B,8,4,5,9,Jofra Archer,Shubman Gill,Virat Kohli,Nitish Reddy,Chennai Super Kings,Gujarat Titans,59,71,46,4,4,0,8.4,13.24,133,85,Mar-23,4,3,2,No,66.67,35.71,Jofra Archer,"Champions, Runner-up, Orange Cap, Purple Cap, MVP, Emerging Player, Fair Play"
7,28-03-2026,IPL 2026,Mumbai Indians,Kolkata Knight Riders,Wankhede Stadium,Mumbai,Kolkata Knight Riders,Bat,224,3,20,217,3,20,Mumbai Indians,Kolkata Knight Riders,7 Runs,Win,Loss,Hardik Pandya,101,Varun Chakravarthy,83,Tilak Varma,2,Quinton de Kock,4,Hardik Pandya,59,0,Quinton de Kock,60,1,Hardik Pandya,14,7,24,7,78655,220,Umpire A,Umpire B,9,10,10,9,Jofra Archer,Shubman Gill,Virat Kohli,Nitish Reddy,Chennai Super Kings,Mumbai Indians,,53,56,11,9,3,11.2,14.36,79,101,Jun-24,6,0,0,No,47.37,52.63,Jofra Archer,"Champions, Runner-up, Orange Cap, Purple Cap, MVP, Emerging Player, Fair Play"
8,29-03-2026,IPL 2026,Kolkata Knight Riders,Punjab Kings,Eden Gardens,Kolkata,Punjab Kings,Field,164,6,20,179,5,20,Punjab Kings,Kolkata Knight Riders,5 Wickets,Loss,Win,Quinton de Kock,50,Arshdeep Singh,45,Varun Chakravarthy,4,Marco Jansen,3,Ajinkya Rahane,40,2,Glenn Maxwell,10,3,Varun Chakravarthy,18,17,16,14,30633,192,Umpire A,Umpire B,10,9,11,7,Jofra Archer,Shubman Gill,Virat Kohli,Nitish Reddy,Chennai Super Kings,Kolkata Knight Riders,64,47,26,12,6,2,8.95,14.16,147,50,Mar-15,7,0,2,Yes,52.63,61.11,Jofra Archer,"Champions, Runner-up, Orange Cap, Purple Cap, MVP, Emerging Player, Fair Play"
9,30-03-2026,IPL 2026,Gujarat Titans,Royal Challengers Bengaluru,Narendra Modi Stadium,Ahmedabad,Royal Challengers Bengaluru,Bat,154,4,20,233,10,20,Royal Challengers Bengaluru,Gujarat Titans,0 Wickets,Loss,Win,Shubman Gill,90,Krunal Pandya,71,Jos Buttler,3,Bhuvneshwar Kumar,2,Shubman Gill,22,4,Tim David,56,3,Krunal Pandya,19,17,12,9,86662,195,Umpire A,Umpire B,5,9,8,4,Jofra Archer,Shubman Gill,Virat Kohli,Nitish Reddy,Chennai Super Kings,Royal Challengers Bengaluru,80,40,30,17,1,3,11.65,7.55,143,90,Mar-22,5,3,0,Yes,35.71,66.67,Jofra Archer,"Champions, Runner-up, Orange Cap, Purple Cap, MVP, Emerging Player, Fair Play"
10,31-03-2026,IPL 2026,Punjab Kings,Kolkata Knight Riders,PCA Stadium,Mohali,Punjab Kings,Field,167,2,20,197,4,20,Kolkata Knight Riders,Punjab Kings,6 Wickets,Loss,Win,Prabhsimran Singh,73,Venkatesh Iyer,70,Arshdeep Singh,5,Varun Chakravarthy,4,Glenn Maxwell,,1,Venkatesh Iyer,14,0,Venkatesh Iyer,20,9,16,11,48258,240,Umpire A,Umpire B,11,7,10,9,Jofra Archer,Shubman Gill,Virat Kohli,Nitish Reddy,Chennai Super Kings,Kolkata Knight Riders,61,57,26,9,7,0,9.85,12.38,76,73,May-33,4,0,2,No,61.11,52.63,Jofra Archer,"Champions, Runner-up, Orange Cap, Purple Cap, MVP, Emerging Player, Fair Play"
11,01-04-2026,IPL 2026,Punjab Kings,Sunrisers Hyderabad,PCA Stadium,Mohali,Punjab Kings,Bat,153,6,20,243,7,20,Sunrisers Hyderabad,Punjab Kings,3 Wickets,Loss,Win,Nehal Wadhera,100,Harshal Patel,89,Shreyas Iyer,4,Abhishek Sharma,5,Marcus Stoinis,38,4,Mohammed Shami,7,3,Shreyas Iyer,24,15,13,10,32908,230,Umpire A,Umpire B,11,7,7,7,Jofra Archer,Shubman Gill,Virat Kohli,Nitish Reddy,Chennai Super Kings,Punjab Kings,68,59,59,13,3,2,12.15,12.82,139,100,May-16,7,2,2,No,61.11,50,Jofra Archer,"Champions, Runner-up, Orange Cap, Purple Cap, MVP, Emerging Player, Fair Play"
12,02-04-2026,IPL 2026,Kolkata Knight Riders,Lucknow Super Giants,Eden Gardens,Kolkata,Lucknow Super Giants,Field,200,10,20,145,10,20,Kolkata Knight Riders,Lucknow Super Giants,55 Runs,Win,Loss,Rinku Singh,97,Avesh Khan,86,Venkatesh Iyer,5,Nicholas Pooran,4,Quinton de Kock,35,1,Nicholas Pooran,,3,Venkatesh Iyer,20,12,20,17,89166,196,Umpire A,Umpire B,10,9,5,4,Jofra Archer,Shubman Gill,Virat Kohli,Nitish Reddy,Chennai Super Kings,Kolkata Knight Riders,75,45,49,17,1,1,10,10.41,45,97,May-26,8,3,1,No,52.63,55.56,Jofra Archer,"Champions, Runner-up, Orange Cap, Purple Cap, MVP, Emerging Player, Fair Play"
13,03-04-2026,IPL 2026,Gujarat Titans,Rajasthan Royals,Narendra Modi Stadium,Ahmedabad,Rajasthan Royals,Field,223,6,20,217,8,20,Gujarat Titans,Rajasthan Royals,6 Runs,Win,Loss,Shubman Gill,72,Jofra Archer,110,Rashid Khan,5,Shimron Hetmyer,3,Mohammed Siraj,42,0,Sandeep Sharma,18,4,Shimron Hetmyer,20,16,19,11,36120,237,Umpire A,Umpire B,5,9,9,8,Jofra Archer,Shubman Gill,Virat Kohli,Nitish Reddy,Chennai Super Kings,Rajasthan Royals,36,45,58,14,9,1,11.15,9.58,66,110,May-19,7,2,0,No,35.71,52.94,Jofra Archer,"Champions, Runner-up, Orange Cap, Purple Cap, MVP, Emerging Player, Fair Play"
14,04-04-2026,IPL 2026,Royal Challengers Bengaluru,Chennai Super Kings,M. Chinnaswamy Stadium,Bengaluru,Chennai Super Kings,Field,241,6,20,175,5,20,Royal Challengers Bengaluru,Chennai Super Kings,66 Runs,Win,Loss,Jitesh Sharma,69,Shivam Dube,94,Virat Kohli,5,Ruturaj Gaikwad,5,Josh Hazlewood,15,1,MS Dhoni,41,0,Shivam Dube,24,18,23,18,88029,191,Umpire A,Umpire B,8,4,4,10,Jofra Archer,Shubman Gill,Virat Kohli,Nitish Reddy,Chennai Super Kings,Chennai Super Kings,67,50,38,14,5,3,12.05,7.32,168,94,Mar-18,7,1,0,No,66.67,28.57,Jofra Archer,"Champions, Runner-up, Orange Cap, Purple Cap, MVP, Emerging Player, Fair Play"
15,05-04-2026,IPL 2026,Sunrisers Hyderabad,Delhi Capitals,Rajiv Gandhi International Stadium,Hyderabad,Delhi Capitals,Field,244,5,20,199,4,20,Sunrisers Hyderabad,Delhi Capitals,45 Runs,Win,Loss,Ishan Kishan,109,KL Rahul,99,Pat Cummins,5,Axar Patel,3,Heinrich Klaasen,47,3,Mukesh Kumar,28,2,Axar Patel,22,9,23,16,48173,234,Umpire A,Umpire B,7,7,6,6,Jofra Archer,Shubman Gill,Virat Kohli,Nitish Reddy,Chennai Super Kings,Sunrisers Hyderabad,52,71,39,6,10,2,12.2,7.63,177,109,Apr-29,4,3,1,No,50,50,Jofra Archer,"Champions, Runner-up, Orange Cap, Purple Cap, MVP, Emerging Player, Fair Play"
16,06-04-2026,IPL 2026,Rajasthan Royals,Chennai Super Kings,Sawai Mansingh Stadium,Jaipur,Chennai Super Kings,Bat,244,9,20,211,5,20,Rajasthan Royals,Chennai Super Kings,33 Runs,Win,Loss,Jofra Archer,62,R Ashwin,64,Yashasvi Jaiswal,3,Noor Ahmad,5,Jofra Archer,44,1,Matheesha Pathirana,45,1,R Ashwin,11,12,16,11,65560,214,Umpire A,Umpire B,9,8,4,10,Jofra Archer,Shubman Gill,Virat Kohli,Nitish Reddy,Chennai Super Kings,Chennai Super Kings,36,51,56,14,7,1,12.2,13.3,72,64,Mar-31,7,3,1,No,52.94,28.57,Jofra Archer,"Champions, Runner-up, Orange Cap, Purple Cap, MVP, Emerging Player, Fair Play"
17,07-04-2026,IPL 2026,Kolkata Knight Riders,Delhi Capitals,Eden Gardens,Kolkata,Delhi Capitals,Field,198,5,20,152,8,20,Kolkata Knight Riders,Delhi Capitals,46 Runs,Win,Loss,Venkatesh Iyer,73,KL Rahul,107,Venkatesh Iyer,3,Mukesh Kumar,4,Quinton de Kock,27,3,Kuldeep Yadav,1,3,Venkatesh Iyer,15,16,20,18,56497,231,Umpire A,Umpire B,10,9,6,6,Jofra Archer,Shubman Gill,Virat Kohli,Nitish Reddy,Chennai Super Kings,Kolkata Knight Riders,79,38,48,18,6,3,9.9,9.37,95,107,Jun-22,4,1,1,No,52.63,50,Jofra Archer,"Champions, Runner-up, Orange Cap, Purple Cap, MVP, Emerging Player, Fair Play"
18,08-04-2026,IPL 2026,Mumbai Indians,Gujarat Titans,Wankhede Stadium,Mumbai,Mumbai Indians,Bat,166,4,20,204,10,20,Gujarat Titans,Mumbai Indians,0 Wickets,Loss,Win,Rohit Sharma,78,Prasidh Krishna,93,Rohit Sharma,4,Sai Sudharsan,3,Tilak Varma,29,2,Washington Sundar,21,3,Sai Sudharsan,14,18,23,12,46532,238,Umpire A,Umpire B,9,10,5,9,Jofra Archer,Shubman Gill,Virat Kohli,Nitish Reddy,Chennai Super Kings,Mumbai Indians,61,59,57,12,3,3,10.2,9.76,115,93,Mar-20,7,2,0,No,47.37,35.71,Jofra Archer,"Champions, Runner-up, Orange Cap, Purple Cap, MVP, Emerging Player, Fair Play"
19,09-04-2026,IPL 2026,Sunrisers Hyderabad,Mumbai Indians,Rajiv Gandhi International Stadium,Hyderabad,Sunrisers Hyderabad,Bat,155,2,20,205,10,20,Mumbai Indians,Sunrisers Hyderabad,0 Wickets,Loss,Win,Travis Head,64,Trent Boult,75,Pat Cummins,3,Suryakumar Yadav,5,Travis Head,42,0,Hardik Pandya,36,1,Travis Head,17,17,14,18,54175,195,Umpire A,Umpire B,7,7,9,10,Jofra Archer,Shubman Gill,Virat Kohli,Nitish Reddy,Chennai Super Kings,Mumbai Indians,38,72,49,13,2,3,10.25,11.3,123,75,Apr-32,6,2,1,No,50,47.37,Jofra Archer,"Champions, Runner-up, Orange Cap, Purple Cap, MVP, Emerging Player, Fair Play"
20,10-04-2026,IPL 2026,Delhi Capitals,Gujarat Titans,Arun Jaitley Stadium,Delhi,Delhi Capitals,Bat,222,3,20,222,4,20,Delhi Capitals,Gujarat Titans,0 Runs,Win,Loss,Kuldeep Yadav,58,Sai Sudharsan,83,KL Rahul,2,Rashid Khan,2,Abishek Porel,22,4,Rahul Tewatia,27,2,Rashid Khan,11,14,20,11,30829,239,Umpire A,Umpire B,6,6,5,9,Jofra Archer,Shubman Gill,Virat Kohli,Nitish Reddy,Chennai Super Kings,Gujarat Titans,50,79,54,20,10,2,11.1,9.53,52,83,Apr-15,3,3,2,Yes,50,35.71,Jofra Archer,"Champions, Runner-up, Orange Cap, Purple Cap, MVP, Emerging Player, Fair Play"
21,11-04-2026,IPL 2026,Gujarat Titans,Rajasthan Royals,Narendra Modi Stadium,Ahmedabad,Rajasthan Royals,Field,198,3,20,207,8,20,Rajasthan Royals,Gujarat Titans,2 Wickets,Loss,Win,Mohammed Siraj,79,Sandeep Sharma,86,Jos Buttler,3,Dhruv Jurel,2,Rashid Khan,17,3,Sandeep Sharma,,3,Sandeep Sharma,19,15,20,12,52046,186,Umpire A,Umpire B,5,9,9,8,Jofra Archer,Shubman Gill,Virat Kohli,Nitish Reddy,Chennai Super Kings,Rajasthan Royals,43,65,59,5,8,1,10.35,9.44,134,86,Apr-31,3,3,2,Yes,35.71,52.94,Jofra Archer,"Champions, Runner-up, Orange Cap, Purple Cap, MVP, Emerging Player, Fair Play"
22,12-04-2026,IPL 2026,Royal Challengers Bengaluru,Lucknow Super Giants,M. Chinnaswamy Stadium,Bengaluru,Royal Challengers Bengaluru,Bat,208,4,20,186,9,20,Royal Challengers Bengaluru,Lucknow Super Giants,22 Runs,Win,Loss,Jitesh Sharma,75,Avesh Khan,97,Tim David,5,Avesh Khan,3,Tim David,44,3,Rishabh Pant,41,3,Tim David,17,18,10,7,49283,199,Umpire A,Umpire B,8,4,5,4,Jofra Archer,Shubman Gill,Virat Kohli,Nitish Reddy,Chennai Super Kings,Lucknow Super Giants,80,72,25,14,7,1,10.4,12.16,56,97,May-21,4,3,1,Yes,66.67,55.56,Jofra Archer,"Champions, Runner-up, Orange Cap, Purple Cap, MVP, Emerging Player, Fair Play"
23,13-04-2026,IPL 2026,Punjab Kings,Mumbai Indians,PCA Stadium,Mohali,Mumbai Indians,Field,196,5,20,233,6,20,Mumbai Indians,Punjab Kings,4 Wickets,Loss,Win,Prabhsimran Singh,77,Ryan Rickelton,74,Prabhsimran Singh,2,Naman Dhir,3,Prabhsimran Singh,20,0,Ryan Rickelton,47,4,Prabhsimran Singh,22,17,12,9,44180,232,Umpire A,Umpire B,11,7,9,10,Jofra Archer,Shubman Gill,Virat Kohli,Nitish Reddy,Chennai Super Kings,Mumbai Indians,37,73,25,19,3,1,11.65,7.35,174,77,Apr-35,7,1,1,Yes,61.11,47.37,Jofra Archer,"Champions, Runner-up, Orange Cap, Purple Cap, MVP, Emerging Player, Fair Play"
24,14-04-2026,IPL 2026,Sunrisers Hyderabad,Mumbai Indians,Rajiv Gandhi International Stadium,Hyderabad,Sunrisers Hyderabad,Bat,206,10,20,180,6,20,Sunrisers Hyderabad,Mumbai Indians,26 Runs,Win,Loss,Abhishek Sharma,80,Hardik Pandya,50,Mohammed Shami,2,Hardik Pandya,4,Heinrich Klaasen,44,1,Jasprit Bumrah,40,3,Mohammed Shami,11,6,19,10,60762,215,Umpire A,Umpire B,7,7,9,10,Jofra Archer,Shubman Gill,Virat Kohli,Nitish Reddy,Chennai Super Kings,Mumbai Indians,64,49,43,20,2,0,10.3,10.32,179,80,May-18,7,0,2,Yes,50,47.37,Jofra Archer,"Champions, Runner-up, Orange Cap, Purple Cap, MVP, Emerging Player, Fair Play"
25,15-04-2026,IPL 2026,Punjab Kings,Rajasthan Royals,PCA Stadium,Mohali,Punjab Kings,Bat,201,4,20,188,2,20,Punjab Kings,Rajasthan Royals,13 Runs,Win,Loss,Yuzvendra Chahal,64,Sandeep Sharma,83,Glenn Maxwell,2,Yashasvi Jaiswal,3,Marco Jansen,,4,Yashasvi Jaiswal,48,3,Yashasvi Jaiswal,19,15,22,15,,234,Umpire A,Umpire B,11,7,9,8,Jofra Archer,Shubman Gill,Virat Kohli,Nitish Reddy,Chennai Super Kings,Rajasthan Royals,61,86,53,7,,3,10.05,12.71,151,83,May-16,6,1,0,Yes,61.11,52.94,Jofra Archer,"Champions, Runner-up, Orange Cap, Purple Cap, MVP, Emerging Player, Fair Play"
26,16-04-2026,IPL 2026,Gujarat Titans,Delhi Capitals,Narendra Modi Stadium,Ahmedabad,Delhi Capitals,Bat,211,9,20,193,9,20,Gujarat Titans,Delhi Capitals,18 Runs,Win,Loss,Rashid Khan,65,Abishek Porel,75,Rashid Khan,3,KL Rahul,2,Rahul Tewatia,10,0,Tristan Stubbs,26,3,Rashid Khan,21,15,17,10,32139,199,Umpire A,Umpire B,5,9,6,6,Jofra Archer,Shubman Gill,Virat Kohli,Nitish Reddy,Chennai Super Kings,Gujarat Titans,50,37,40,10,2,3,10.55,13.95,42,75,Jun-32,5,0,0,No,35.71,50,Jofra Archer,"Champions, Runner-up, Orange Cap, Purple Cap, MVP, Emerging Player, Fair Play"
27,17-04-2026,IPL 2026,Gujarat Titans,Kolkata Knight Riders,Narendra Modi Stadium,Ahmedabad,Gujarat Titans,Field,181,6,20,235,9,20,Kolkata Knight Riders,Gujarat Titans,1 Wickets,Loss,Win,Sai Sudharsan,63,Rinku Singh,54,Rashid Khan,2,Rinku Singh,3,Sai Sudharsan,50,2,Rinku Singh,38,4,Rinku Singh,24,10,17,7,60716,229,Umpire A,Umpire B,5,9,10,9,Jofra Archer,Shubman Gill,Virat Kohli,Nitish Reddy,Chennai Super Kings,Gujarat Titans,62,79,43,9,5,0,11.75,9.12,123,63,Apr-28,3,2,0,No,35.71,52.63,Jofra Archer,"Champions, Runner-up, Orange Cap, Purple Cap, MVP, Emerging Player, Fair Play"
28,18-04-2026,IPL 2026,Mumbai Indians,Royal Challengers Bengaluru,Wankhede Stadium,Mumbai,Mumbai Indians,Bat,183,8,20,234,6,20,Royal Challengers Bengaluru,Mumbai Indians,4 Wickets,Loss,Win,Ryan Rickelton,74,Josh Hazlewood,47,Suryakumar Yadav,4,Virat Kohli,2,Trent Boult,48,1,Tim David,30,4,,20,13,24,10,41894,222,Umpire A,Umpire B,9,10,8,4,Jofra Archer,Shubman Gill,Virat Kohli,Nitish Reddy,Chennai Super Kings,Royal Challengers Bengaluru,,61,39,20,7,3,11.7,11.2,139,74,Mar-27,3,2,0,No,47.37,66.67,Jofra Archer,"Champions, Runner-up, Orange Cap, Purple Cap, MVP, Emerging Player, Fair Play"
29,19-04-2026,IPL 2026,Kolkata Knight Riders,Rajasthan Royals,Eden Gardens,Kolkata,Rajasthan Royals,Field,200,9,20,226,3,20,Rajasthan Royals,Kolkata Knight Riders,7 Wickets,Loss,Win,Harshit Rana,108,Wanindu Hasaranga,81,Venkatesh Iyer,5,Wanindu Hasaranga,2,Andre Russell,29,0,Riyan Parag,20,2,Venkatesh Iyer,15,7,22,12,86682,217,Umpire A,Umpire B,10,9,9,8,Jofra Archer,Shubman Gill,Virat Kohli,Nitish Reddy,Chennai Super Kings,Rajasthan Royals,,43,32,18,6,0,11.3,10.34,130,108,May-23,4,3,0,Yes,52.63,52.94,Jofra Archer,"Champions, Runner-up, Orange Cap, Purple Cap, MVP, Emerging Player, Fair Play"
30,20-04-2026,IPL 2026,Mumbai Indians,Kolkata Knight Riders,Wankhede Stadium,Mumbai,Mumbai Indians,Field,145,10,20,229,9,20,Kolkata Knight Riders,Mumbai Indians,1 Wickets,Loss,Win,Naman Dhir,61,Ajinkya Rahane,81,Hardik Pandya,5,Quinton de Kock,5,Ryan Rickelton,7,0,Ajinkya Rahane,40,4,Quinton de Kock,22,9,21,8,50365,220,Umpire A,Umpire B,9,10,10,9,Jofra Archer,Shubman Gill,Virat Kohli,Nitish Reddy,Chennai Super Kings,Mumbai Indians,67,88,31,14,2,1,11.45,14.19,86,81,Jun-16,6,1,0,No,47.37,52.63,Jofra Archer,"Champions, Runner-up, Orange Cap, Purple Cap, MVP, Emerging Player, Fair Play"
31,21-04-2026,IPL 2026,Mumbai Indians,Sunrisers Hyderabad,Wankhede Stadium,Mumbai,Sunrisers Hyderabad,Field,146,8,20,215,3,20,Sunrisers Hyderabad,Mumbai Indians,7 Wickets,Loss,Win,Hardik Pandya,106,Abhishek Sharma,105,Ryan Rickelton,3,Abhishek Sharma,5,Ryan Rickelton,35,1,Mohammed Shami,24,1,Abhishek Sharma,24,15,18,17,87627,193,Umpire A,Umpire B,9,10,7,7,Jofra Archer,Shubman Gill,Virat Kohli,Nitish Reddy,Chennai Super Kings,Mumbai Indians,40,56,27,7,3,1,10.75,10.43,91,106,Jun-13,3,1,0,Yes,47.37,50,Jofra Archer,"Champions, Runner-up, Orange Cap, Purple Cap, MVP, Emerging Player, Fair Play"
32,22-04-2026,IPL 2026,Rajasthan Royals,Lucknow Super Giants,Sawai Mansingh Stadium,Jaipur,Lucknow Super Giants,Field,153,8,20,180,7,20,Lucknow Super Giants,Rajasthan Royals,3 Wickets,Loss,Win,Jofra Archer,87,Rishabh Pant,93,Jofra Archer,5,Ravi Bishnoi,4,Riyan Parag,55,1,Ayush Badoni,44,1,Ravi Bishnoi,19,12,13,18,56920,187,Umpire A,Umpire B,9,8,5,4,Jofra Archer,Shubman Gill,Virat Kohli,Nitish Reddy,Chennai Super Kings,Lucknow Super Giants,79,40,33,5,6,3,9,14.17,92,93,Apr-19,6,2,2,Yes,52.94,55.56,Jofra Archer,"Champions, Runner-up, Orange Cap, Purple Cap, MVP, Emerging Player, Fair Play"
33,23-04-2026,IPL 2026,Delhi Capitals,Chennai Super Kings,Arun Jaitley Stadium,Delhi,Chennai Super Kings,Bat,185,9,20,240,8,20,Chennai Super Kings,Delhi Capitals,2 Wickets,Loss,Win,Abishek Porel,103,Shivam Dube,46,Mukesh Kumar,3,Ruturaj Gaikwad,5,Mitchell Starc,,1,MS Dhoni,4,3,Shivam Dube,22,10,15,15,75397,210,Umpire A,Umpire B,6,6,4,10,Jofra Archer,Shubman Gill,Virat Kohli,Nitish Reddy,Chennai Super Kings,Delhi Capitals,40,78,25,13,6,3,12,9.59,98,103,Mar-13,7,0,0,Yes,50,28.57,Jofra Archer,"Champions, Runner-up, Orange Cap, Purple Cap, MVP, Emerging Player, Fair Play"
34,24-04-2026,IPL 2026,Delhi Capitals,Gujarat Titans,Arun Jaitley Stadium,Delhi,Delhi Capitals,Bat,228,7,20,155,10,20,Delhi Capitals,Gujarat Titans,73 Runs,Win,Loss,Abishek Porel,100,Mohammed Siraj,57,Mukesh Kumar,2,Shubman Gill,5,Tristan Stubbs,10,2,Rashid Khan,57,0,Abishek Porel,10,11,22,6,49226,207,Umpire A,Umpire B,6,6,5,9,Jofra Archer,Shubman Gill,Virat Kohli,Nitish Reddy,Chennai Super Kings,Delhi Capitals,53,50,33,4,10,2,11.4,13.87,134,100,May-32,4,3,0,Yes,50,35.71,Jofra Archer,"Champions, Runner-up, Orange Cap, Purple Cap, MVP, Emerging Player, Fair Play"
35,25-04-2026,IPL 2026,Kolkata Knight Riders,Rajasthan Royals,Eden Gardens,Kolkata,Rajasthan Royals,Bat,192,4,20,200,5,20,Rajasthan Royals,Kolkata Knight Riders,5 Wickets,Loss,Win,Venkatesh Iyer,74,Riyan Parag,104,Sunil Narine,4,Riyan Parag,5,Venkatesh Iyer,16,0,Shimron Hetmyer,57,3,Venkatesh Iyer,24,10,20,14,40353,189,Umpire A,Umpire B,10,9,9,8,Jofra Archer,Shubman Gill,Virat Kohli,Nitish Reddy,Chennai Super Kings,Rajasthan Royals,57,55,25,15,9,0,10,11.85,60,104,Jun-35,4,2,1,Yes,52.63,52.94,Jofra Archer,"Champions, Runner-up, Orange Cap, Purple Cap, MVP, Emerging Player, Fair Play"
36,26-04-2026,IPL 2026,Mumbai Indians,Chennai Super Kings,Wankhede Stadium,Mumbai,Mumbai Indians,Field,201,6,20,189,8,20,Mumbai Indians,Chennai Super Kings,12 Runs,Win,Loss,Jasprit Bumrah,90,R Ashwin,82,Jasprit Bumrah,4,Ravindra Jadeja,2,Ryan Rickelton,53,3,MS Dhoni,17,0,Ravindra Jadeja,19,16,22,17,33214,243,Umpire A,Umpire B,9,10,4,10,Jofra Archer,Shubman Gill,Virat Kohli,Nitish Reddy,Chennai Super Kings,Mumbai Indians,73,82,59,10,7,0,10.05,8.44,131,90,Jun-27,5,1,1,Yes,47.37,28.57,Jofra Archer,"Champions, Runner-up, Orange Cap, Purple Cap, MVP, Emerging Player, Fair Play"
37,27-04-2026,IPL 2026,Punjab Kings,Kolkata Knight Riders,PCA Stadium,Mohali,Punjab Kings,Field,222,9,20,240,6,20,Kolkata Knight Riders,Punjab Kings,4 Wickets,Loss,Win,Arshdeep Singh,101,Quinton de Kock,49,Arshdeep Singh,4,Rinku Singh,3,Marcus Stoinis,5,2,Andre Russell,20,3,,12,9,12,18,65350,241,Umpire A,Umpire B,11,7,10,9,Jofra Archer,Shubman Gill,Virat Kohli,Nitish Reddy,Chennai Super Kings,Punjab Kings,51,81,26,9,4,2,12,8.38,74,101,Mar-20,3,0,1,No,61.11,52.63,Jofra Archer,"Champions, Runner-up, Orange Cap, Purple Cap, MVP, Emerging Player, Fair Play"
38,28-04-2026,IPL 2026,Chennai Super Kings,Lucknow Super Giants,M. A. Chidambaram Stadium,Chennai,Chennai Super Kings,Bat,191,10,20,212,6,20,Lucknow Super Giants,Chennai Super Kings,4 Wickets,Loss,Win,Shivam Dube,73,Ravi Bishnoi,95,R Ashwin,4,Ravi Bishnoi,2,MS Dhoni,50,3,Ayush Badoni,0,2,R Ashwin,18,7,17,11,74094,232,Umpire A,Umpire B,4,10,5,4,Jofra Archer,Shubman Gill,Virat Kohli,Nitish Reddy,Chennai Super Kings,Chennai Super Kings,51,58,33,12,7,0,10.6,11.66,172,95,Mar-33,7,0,1,No,28.57,55.56,Jofra Archer,"Champions, Runner-up, Orange Cap, Purple Cap, MVP, Emerging Player, Fair Play"
39,29-04-2026,IPL 2026,Sunrisers Hyderabad,Rajasthan Royals,Rajiv Gandhi International Stadium,Hyderabad,Rajasthan Royals,Field,231,8,20,178,7,20,Sunrisers Hyderabad,Rajasthan Royals,53 Runs,Win,Loss,Abhishek Sharma,97,Shimron Hetmyer,59,Ishan Kishan,3,Sanju Samson,2,Pat Cummins,60,0,Yashasvi Jaiswal,19,3,Ishan Kishan,11,7,13,14,38890,209,Umpire A,Umpire B,7,7,9,8,Jofra Archer,Shubman Gill,Virat Kohli,Nitish Reddy,Chennai Super Kings,Rajasthan Royals,75,90,44,18,4,0,11.55,7.7,68,97,Mar-26,6,2,2,No,50,52.94,Jofra Archer,"Champions, Runner-up, Orange Cap, Purple Cap, MVP, Emerging Player, Fair Play"
40,30-04-2026,IPL 2026,Punjab Kings,Kolkata Knight Riders,PCA Stadium,Mohali,Kolkata Knight Riders,Bat,203,10,20,192,8,20,Punjab Kings,Kolkata Knight Riders,11 Runs,Win,Loss,Marcus Stoinis,101,Venkatesh Iyer,101,Glenn Maxwell,3,Harshit Rana,4,Yuzvendra Chahal,6,2,Ajinkya Rahane,34,2,Harshit Rana,10,12,14,9,38005,245,Umpire A,Umpire B,11,7,10,9,Jofra Archer,Shubman Gill,Virat Kohli,Nitish Reddy,Chennai Super Kings,Punjab Kings,43,59,25,17,4,1,10.15,13.87,146,101,Apr-14,4,2,1,No,61.11,52.63,Jofra Archer,"Champions, Runner-up, Orange Cap, Purple Cap, MVP, Emerging Player, Fair Play"
41,01-05-2026,IPL 2026,Delhi Capitals,Royal Challengers Bengaluru,Arun Jaitley Stadium,Delhi,Delhi Capitals,Bat,203,5,20,156,2,20,Delhi Capitals,Royal Challengers Bengaluru,47 Runs,Win,Loss,KL Rahul,87,Krunal Pandya,63,Tristan Stubbs,2,Phil Salt,4,Axar Patel,54,1,Jitesh Sharma,8,4,Krunal Pandya,14,18,12,7,73323,240,Umpire A,Umpire B,6,6,8,4,Jofra Archer,Shubman Gill,Virat Kohli,Nitish Reddy,Chennai Super Kings,Delhi Capitals,59,87,44,6,1,0,10.15,12.93,140,87,May-30,3,1,1,Yes,50,66.67,Jofra Archer,"Champions, Runner-up, Orange Cap, Purple Cap, MVP, Emerging Player, Fair Play"
42,02-05-2026,IPL 2026,Kolkata Knight Riders,Royal Challengers Bengaluru,Eden Gardens,Kolkata,Royal Challengers Bengaluru,Bat,148,2,20,161,7,20,Royal Challengers Bengaluru,Kolkata Knight Riders,3 Wickets,Loss,Win,Rinku Singh,53,Krunal Pandya,105,Ajinkya Rahane,5,Phil Salt,4,Ajinkya Rahane,32,4,Phil Salt,6,3,Ajinkya Rahane,18,9,19,6,77660,235,Umpire A,Umpire B,10,9,8,4,Jofra Archer,Shubman Gill,Virat Kohli,Nitish Reddy,Chennai Super Kings,Royal Challengers Bengaluru,73,70,46,4,,2,8.05,9.14,91,105,Jun-18,6,0,1,Yes,52.63,66.67,Jofra Archer,"Champions, Runner-up, Orange Cap, Purple Cap, MVP, Emerging Player, Fair Play"
43,03-05-2026,IPL 2026,Delhi Capitals,Sunrisers Hyderabad,Arun Jaitley Stadium,Delhi,Sunrisers Hyderabad,Bat,229,6,20,211,9,20,Delhi Capitals,Sunrisers Hyderabad,18 Runs,Win,Loss,KL Rahul,55,Travis Head,86,Mukesh Kumar,3,Nitish Reddy,2,Axar Patel,8,2,Ishan Kishan,39,4,,18,17,15,12,69150,218,Umpire A,Umpire B,6,6,7,7,Jofra Archer,Shubman Gill,Virat Kohli,Nitish Reddy,Chennai Super Kings,Delhi Capitals,44,45,28,11,2,3,11.45,11.34,88,86,Jun-30,8,3,2,No,50,50,Jofra Archer,"Champions, Runner-up, Orange Cap, Purple Cap, MVP, Emerging Player, Fair Play"
44,04-05-2026,IPL 2026,Rajasthan Royals,Mumbai Indians,Sawai Mansingh Stadium,Jaipur,Mumbai Indians,Field,182,10,20,203,8,20,Mumbai Indians,Rajasthan Royals,2 Wickets,Loss,Win,Yashasvi Jaiswal,96,Suryakumar Yadav,98,Shimron Hetmyer,2,Naman Dhir,4,Shimron Hetmyer,27,2,Naman Dhir,42,2,Naman Dhir,15,8,20,13,34399,190,Umpire A,Umpire B,9,8,9,10,Jofra Archer,Shubman Gill,Virat Kohli,Nitish Reddy,Chennai Super Kings,Mumbai Indians,39,88,38,6,8,0,10.15,14.04,119,98,Mar-18,8,0,0,Yes,52.94,47.37,Jofra Archer,"Champions, Runner-up, Orange Cap, Purple Cap, MVP, Emerging Player, Fair Play"
45,05-05-2026,IPL 2026,Kolkata Knight Riders,Delhi Capitals,Eden Gardens,Kolkata,Delhi Capitals,Bat,155,8,20,156,3,20,Delhi Capitals,Kolkata Knight Riders,7 Wickets,Loss,Win,Quinton de Kock,81,Faf du Plessis,84,Ajinkya Rahane,4,Mitchell Starc,2,Venkatesh Iyer,36,4,Mitchell Starc,13,1,Quinton de Kock,20,13,13,7,52945,239,Umpire A,Umpire B,10,9,6,6,Jofra Archer,Shubman Gill,Virat Kohli,Nitish Reddy,Chennai Super Kings,Kolkata Knight Riders,80,38,51,19,10,3,7.8,9.5,86,84,Jun-25,8,0,0,Yes,52.63,50,Jofra Archer,"Champions, Runner-up, Orange Cap, Purple Cap, MVP, Emerging Player, Fair Play"
46,06-05-2026,IPL 2026,Kolkata Knight Riders,Lucknow Super Giants,Eden Gardens,Kolkata,Lucknow Super Giants,Field,216,3,20,192,6,20,Kolkata Knight Riders,Lucknow Super Giants,24 Runs,Win,Loss,Rinku Singh,89,David Miller,45,Ajinkya Rahane,3,Ravi Bishnoi,3,Sunil Narine,36,3,Ravi Bishnoi,4,1,Rinku Singh,21,16,10,7,,218,Umpire A,Umpire B,10,9,5,4,Jofra Archer,Shubman Gill,Virat Kohli,Nitish Reddy,Chennai Super Kings,Kolkata Knight Riders,48,44,33,13,6,3,10.8,12.29,112,89,Jun-17,7,0,0,No,52.63,55.56,Jofra Archer,"Champions, Runner-up, Orange Cap, Purple Cap, MVP, Emerging Player, Fair Play"
47,07-05-2026,IPL 2026,Sunrisers Hyderabad,Lucknow Super Giants,Rajiv Gandhi International Stadium,Hyderabad,Sunrisers Hyderabad,Bat,172,8,20,193,9,20,Lucknow Super Giants,Sunrisers Hyderabad,1 Wickets,Loss,Win,Harshal Patel,51,Aiden Markram,55,Harshal Patel,4,Ravi Bishnoi,5,Abhishek Sharma,42,3,Rishabh Pant,31,4,Harshal Patel,17,12,14,9,79475,217,Umpire A,Umpire B,7,7,5,4,Jofra Archer,Shubman Gill,Virat Kohli,Nitish Reddy,Chennai Super Kings,Sunrisers Hyderabad,68,83,31,18,,3,9.65,7.22,115,55,Jun-23,8,2,2,No,50,55.56,Jofra Archer,"Champions, Runner-up, Orange Cap, Purple Cap, MVP, Emerging Player, Fair Play"
48,08-05-2026,IPL 2026,Chennai Super Kings,Rajasthan Royals,M. A. Chidambaram Stadium,Chennai,Chennai Super Kings,Bat,159,8,20,189,3,20,Rajasthan Royals,Chennai Super Kings,7 Wickets,Loss,Win,Noor Ahmad,83,Sandeep Sharma,72,Noor Ahmad,3,Sanju Samson,4,Devon Conway,18,2,Sanju Samson,7,0,Sandeep Sharma,17,17,16,8,38466,209,Umpire A,Umpire B,4,10,9,8,Jofra Archer,Shubman Gill,Virat Kohli,Nitish Reddy,Chennai Super Kings,Rajasthan Royals,47,45,27,15,1,0,9.45,10.68,135,83,Jun-33,4,0,2,No,28.57,52.94,Jofra Archer,"Champions, Runner-up, Orange Cap, Purple Cap, MVP, Emerging Player, Fair Play"
49,09-05-2026,IPL 2026,Chennai Super Kings,Kolkata Knight Riders,M. A. Chidambaram Stadium,Chennai,Chennai Super Kings,Field,213,5,20,235,10,20,Kolkata Knight Riders,Chennai Super Kings,0 Wickets,Loss,Win,Matheesha Pathirana,99,Andre Russell,96,Devon Conway,5,Ajinkya Rahane,4,Ruturaj Gaikwad,7,3,Harshit Rana,1,2,Ajinkya Rahane,12,18,19,13,84527,229,Umpire A,Umpire B,4,10,10,9,Jofra Archer,Shubman Gill,Virat Kohli,Nitish Reddy,Chennai Super Kings,Chennai Super Kings,49,71,49,8,9,0,11.75,12.73,164,99,Apr-32,7,3,1,No,28.57,52.63,Jofra Archer,"Champions, Runner-up, Orange Cap, Purple Cap, MVP, Emerging Player, Fair Play"
50,10-05-2026,IPL 2026,Punjab Kings,Gujarat Titans,PCA Stadium,Mohali,Punjab Kings,Field,191,8,20,156,3,20,Punjab Kings,Gujarat Titans,35 Runs,Win,Loss,Arshdeep Singh,66,Prasidh Krishna,54,Nehal Wadhera,2,Sai Sudharsan,3,Yuzvendra Chahal,57,2,Mohammed Siraj,22,1,Sai Sudharsan,13,7,12,10,42928,196,Umpire A,Umpire B,11,7,5,9,Jofra Archer,Shubman Gill,Virat Kohli,Nitish Reddy,Chennai Super Kings,Gujarat Titans,73,75,51,12,6,3,9.55,8.32,66,66,Mar-34,7,1,1,Yes,61.11,35.71,Jofra Archer,"Champions, Runner-up, Orange Cap, Purple Cap, MVP, Emerging Player, Fair Play"
51,11-05-2026,IPL 2026,Rajasthan Royals,Sunrisers Hyderabad,Sawai Mansingh Stadium,Jaipur,Rajasthan Royals,Field,222,3,20,164,4,20,Rajasthan Royals,Sunrisers Hyderabad,58 Runs,Win,Loss,Sandeep Sharma,101,Ishan Kishan,83,Sandeep Sharma,4,Harshal Patel,2,Riyan Parag,22,4,Ishan Kishan,4,2,Sandeep Sharma,17,13,10,6,54165,238,Umpire A,Umpire B,9,8,7,7,Jofra Archer,Shubman Gill,Virat Kohli,Nitish Reddy,Chennai Super Kings,Rajasthan Royals,43,44,35,16,3,1,11.1,10.81,86,101,Jun-28,8,0,1,Yes,52.94,50,Jofra Archer,"Champions, Runner-up, Orange Cap, Purple Cap, MVP, Emerging Player, Fair Play"
52,12-05-2026,IPL 2026,Gujarat Titans,Sunrisers Hyderabad,Narendra Modi Stadium,Ahmedabad,Gujarat Titans,Bat,181,3,20,154,10,20,Gujarat Titans,Sunrisers Hyderabad,27 Runs,Win,Loss,Prasidh Krishna,102,Ishan Kishan,58,Shubman Gill,4,Ishan Kishan,2,Mohammed Siraj,32,1,Ishan Kishan,2,1,Ishan Kishan,21,13,17,14,64258,224,Umpire A,Umpire B,5,9,7,7,Jofra Archer,Shubman Gill,Virat Kohli,Nitish Reddy,Chennai Super Kings,Gujarat Titans,52,57,57,18,4,0,9.05,10.2,160,102,Jun-22,3,3,1,Yes,35.71,50,Jofra Archer,"Champions, Runner-up, Orange Cap, Purple Cap, MVP, Emerging Player, Fair Play"
53,13-05-2026,IPL 2026,Delhi Capitals,Kolkata Knight Riders,Arun Jaitley Stadium,Delhi,Delhi Capitals,Field,165,7,20,191,6,20,Kolkata Knight Riders,Delhi Capitals,4 Wickets,Loss,Win,Abishek Porel,81,Venkatesh Iyer,77,Mitchell Starc,3,Ajinkya Rahane,4,Axar Patel,5,4,Quinton de Kock,42,1,Mitchell Starc,24,11,14,16,75775,227,Umpire A,Umpire B,6,6,10,9,Jofra Archer,Shubman Gill,Virat Kohli,Nitish Reddy,Chennai Super Kings,Delhi Capitals,55,63,54,4,2,0,9.55,12.35,130,81,May-22,4,3,2,No,50,52.63,Jofra Archer,"Champions, Runner-up, Orange Cap, Purple Cap, MVP, Emerging Player, Fair Play"
54,14-05-2026,IPL 2026,Chennai Super Kings,Punjab Kings,M. A. Chidambaram Stadium,Chennai,Punjab Kings,Field,195,3,20,161,6,20,Chennai Super Kings,Punjab Kings,34 Runs,Win,Loss,Devon Conway,68,Prabhsimran Singh,72,Shivam Dube,4,Glenn Maxwell,5,Matheesha Pathirana,12,1,Shreyas Iyer,8,1,Glenn Maxwell,11,10,23,18,36628,217,Umpire A,Umpire B,4,10,11,7,Jofra Archer,Shubman Gill,Virat Kohli,Nitish Reddy,Chennai Super Kings,Punjab Kings,77,49,27,9,3,3,9.75,8.52,160,72,Jun-32,3,2,2,No,28.57,61.11,Jofra Archer,"Champions, Runner-up, Orange Cap, Purple Cap, MVP, Emerging Player, Fair Play"
55,15-05-2026,IPL 2026,Lucknow Super Giants,Mumbai Indians,Ekana Cricket Stadium,Lucknow,Mumbai Indians,Bat,243,10,20,214,2,20,Lucknow Super Giants,Mumbai Indians,29 Runs,Win,Loss,Avesh Khan,97,Tilak Varma,91,David Miller,3,Tilak Varma,5,Aiden Markram,39,2,Tilak Varma,48,3,Tilak Varma,13,14,13,10,82993,235,Umpire A,Umpire B,5,4,9,10,Jofra Archer,Shubman Gill,Virat Kohli,Nitish Reddy,Chennai Super Kings,Lucknow Super Giants,52,57,59,13,2,2,12.15,8.54,52,97,Mar-29,4,0,2,No,55.56,47.37,Jofra Archer,"Champions, Runner-up, Orange Cap, Purple Cap, MVP, Emerging Player, Fair Play"
56,16-05-2026,IPL 2026,Royal Challengers Bengaluru,Mumbai Indians,M. Chinnaswamy Stadium,Bengaluru,Mumbai Indians,Bat,205,7,20,169,9,20,Royal Challengers Bengaluru,Mumbai Indians,36 Runs,Win,Loss,Josh Hazlewood,106,Jasprit Bumrah,92,Bhuvneshwar Kumar,2,Naman Dhir,2,Jitesh Sharma,18,0,Tilak Varma,48,1,Jasprit Bumrah,14,13,24,14,39656,238,Umpire A,Umpire B,8,4,9,10,Jofra Archer,Shubman Gill,Virat Kohli,Nitish Reddy,Chennai Super Kings,Mumbai Indians,67,61,50,19,2,1,10.25,8.38,98,106,May-34,6,3,0,No,66.67,47.37,Jofra Archer,"Champions, Runner-up, Orange Cap, Purple Cap, MVP, Emerging Player, Fair Play"
57,17-05-2026,IPL 2026,Chennai Super Kings,Gujarat Titans,M. A. Chidambaram Stadium,Chennai,Gujarat Titans,Bat,200,5,20,156,9,20,Chennai Super Kings,Gujarat Titans,44 Runs,Win,Loss,Matheesha Pathirana,92,Shubman Gill,73,Devon Conway,2,Shubman Gill,4,Matheesha Pathirana,,0,Rahul Tewatia,,2,Shubman Gill,22,8,12,6,48800,243,Umpire A,Umpire B,4,10,5,9,Jofra Archer,Shubman Gill,Virat Kohli,Nitish Reddy,Chennai Super Kings,Gujarat Titans,39,57,57,16,2,1,10,8.93,70,92,May-17,4,0,0,No,28.57,35.71,Jofra Archer,"Champions, Runner-up, Orange Cap, Purple Cap, MVP, Emerging Player, Fair Play"
58,18-05-2026,IPL 2026,Sunrisers Hyderabad,Mumbai Indians,Rajiv Gandhi International Stadium,Hyderabad,Mumbai Indians,Bat,205,4,20,234,9,20,Mumbai Indians,Sunrisers Hyderabad,1 Wickets,Loss,Win,Ishan Kishan,81,Rohit Sharma,75,Abhishek Sharma,4,Rohit Sharma,2,Pat Cummins,3,1,Tilak Varma,26,4,Abhishek Sharma,17,7,11,13,69107,219,Umpire A,Umpire B,7,7,9,10,Jofra Archer,Shubman Gill,Virat Kohli,Nitish Reddy,Chennai Super Kings,Mumbai Indians,76,76,53,17,8,0,11.7,10.11,64,81,May-28,6,3,2,Yes,50,47.37,Jofra Archer,"Champions, Runner-up, Orange Cap, Purple Cap, MVP, Emerging Player, Fair Play"
59,19-05-2026,IPL 2026,Sunrisers Hyderabad,Gujarat Titans,Rajiv Gandhi International Stadium,Hyderabad,Sunrisers Hyderabad,Bat,147,10,20,225,5,20,Gujarat Titans,Sunrisers Hyderabad,5 Wickets,Loss,Win,Heinrich Klaasen,91,Rashid Khan,53,Nitish Reddy,2,Shubman Gill,5,Pat Cummins,55,3,Prasidh Krishna,2,3,Nitish Reddy,15,10,21,6,53402,235,Umpire A,Umpire B,7,7,5,9,Jofra Archer,Shubman Gill,Virat Kohli,Nitish Reddy,Chennai Super Kings,Gujarat Titans,58,57,29,14,10,1,11.25,7.91,153,91,Jun-28,5,0,0,No,50,35.71,Jofra Archer,"Champions, Runner-up, Orange Cap, Purple Cap, MVP, Emerging Player, Fair Play"
60,20-05-2026,IPL 2026,Gujarat Titans,Lucknow Super Giants,Narendra Modi Stadium,Ahmedabad,Lucknow Super Giants,Bat,153,5,20,189,3,20,Lucknow Super Giants,Gujarat Titans,7 Wickets,Loss,Win,Mohammed Siraj,62,Aiden Markram,53,Shubman Gill,5,Avesh Khan,2,Jos Buttler,18,1,Ayush Badoni,2,1,Shubman Gill,24,6,15,10,,210,Umpire A,Umpire B,5,9,5,4,Jofra Archer,Shubman Gill,Virat Kohli,Nitish Reddy,Chennai Super Kings,Lucknow Super Giants,55,79,43,8,6,3,9.45,9.71,176,62,Mar-31,6,1,0,Yes,35.71,55.56,Jofra Archer,"Champions, Runner-up, Orange Cap, Purple Cap, MVP, Emerging Player, Fair Play"
61,21-05-2026,IPL 2026,Punjab Kings,Rajasthan Royals,PCA Stadium,Mohali,Rajasthan Royals,Field,214,6,20,205,2,20,Punjab Kings,Rajasthan Royals,9 Runs,Win,Loss,Arshdeep Singh,96,Jofra Archer,101,Prabhsimran Singh,5,Sanju Samson,4,Yuzvendra Chahal,11,3,Yashasvi Jaiswal,44,3,Prabhsimran Singh,15,18,18,10,82504,190,Umpire A,Umpire B,11,7,9,8,Jofra Archer,Shubman Gill,Virat Kohli,Nitish Reddy,Chennai Super Kings,Rajasthan Royals,50,79,55,11,,1,10.7,8.48,163,101,May-27,8,3,1,No,61.11,52.94,Jofra Archer,"Champions, Runner-up, Orange Cap, Purple Cap, MVP, Emerging Player, Fair Play"
62,22-05-2026,IPL 2026,Punjab Kings,Royal Challengers Bengaluru,PCA Stadium,Mohali,Royal Challengers Bengaluru,Field,238,3,20,199,8,20,Punjab Kings,Royal Challengers Bengaluru,39 Runs,Win,Loss,Marcus Stoinis,99,Tim David,66,Prabhsimran Singh,5,Rajat Patidar,4,Prabhsimran Singh,28,0,Tim David,46,2,Marcus Stoinis,19,12,14,16,81870,245,Umpire A,Umpire B,11,7,8,4,Jofra Archer,Shubman Gill,Virat Kohli,Nitish Reddy,Chennai Super Kings,Royal Challengers Bengaluru,62,81,43,6,7,3,11.9,14.37,122,99,Jun-30,7,1,0,No,61.11,66.67,Jofra Archer,"Champions, Runner-up, Orange Cap, Purple Cap, MVP, Emerging Player, Fair Play"
63,23-05-2026,IPL 2026,Mumbai Indians,Punjab Kings,Wankhede Stadium,Mumbai,Mumbai Indians,Field,152,8,20,154,7,20,Punjab Kings,Mumbai Indians,3 Wickets,Loss,Win,Tilak Varma,91,Shreyas Iyer,94,Tilak Varma,2,Marco Jansen,3,Tilak Varma,43,3,Glenn Maxwell,60,2,,15,13,22,7,67612,193,Umpire A,Umpire B,9,10,11,7,Jofra Archer,Shubman Gill,Virat Kohli,Nitish Reddy,Chennai Super Kings,Mumbai Indians,45,79,51,20,8,2,7.7,11.56,114,94,Apr-28,4,3,2,No,47.37,61.11,Jofra Archer,"Champions, Runner-up, Orange Cap, Purple Cap, MVP, Emerging Player, Fair Play"
64,24-05-2026,IPL 2026,Rajasthan Royals,Delhi Capitals,Sawai Mansingh Stadium,Jaipur,Rajasthan Royals,Field,212,8,20,191,7,20,Rajasthan Royals,Delhi Capitals,21 Runs,Win,Loss,Jofra Archer,78,Tristan Stubbs,102,Yashasvi Jaiswal,3,KL Rahul,4,Sandeep Sharma,44,3,Abishek Porel,12,0,Tristan Stubbs,12,7,17,8,88895,230,Umpire A,Umpire B,9,8,6,6,Jofra Archer,Shubman Gill,Virat Kohli,Nitish Reddy,Chennai Super Kings,Rajasthan Royals,72,59,60,6,6,3,10.6,12.21,74,102,Apr-23,8,1,0,Yes,52.94,50,Jofra Archer,"Champions, Runner-up, Orange Cap, Purple Cap, MVP, Emerging Player, Fair Play"
65,25-05-2026,IPL 2026,Mumbai Indians,Rajasthan Royals,Wankhede Stadium,Mumbai,Mumbai Indians,Bat,201,7,20,156,7,20,Mumbai Indians,Rajasthan Royals,45 Runs,Win,Loss,Suryakumar Yadav,62,Jofra Archer,75,Jasprit Bumrah,5,Riyan Parag,2,Trent Boult,23,4,Shimron Hetmyer,36,2,Jofra Archer,17,18,18,8,70104,241,Umpire A,Umpire B,9,10,9,8,Jofra Archer,Shubman Gill,Virat Kohli,Nitish Reddy,Chennai Super Kings,Rajasthan Royals,,44,35,18,5,1,10.05,11.6,90,75,May-18,7,0,1,Yes,47.37,52.94,Jofra Archer,"Champions, Runner-up, Orange Cap, Purple Cap, MVP, Emerging Player, Fair Play"
66,26-05-2026,IPL 2026,Sunrisers Hyderabad,Chennai Super Kings,Rajiv Gandhi International Stadium,Hyderabad,Chennai Super Kings,Field,156,6,20,153,8,20,Sunrisers Hyderabad,Chennai Super Kings,3 Runs,Win,Loss,Ishan Kishan,89,Devon Conway,61,Nitish Reddy,3,MS Dhoni,3,Harshal Patel,27,4,MS Dhoni,58,0,Devon Conway,23,7,18,8,49931,195,Umpire A,Umpire B,7,7,4,10,Jofra Archer,Shubman Gill,Virat Kohli,Nitish Reddy,Chennai Super Kings,Sunrisers Hyderabad,74,63,26,9,3,2,7.8,11.67,81,89,May-13,3,1,0,No,50,28.57,Jofra Archer,"Champions, Runner-up, Orange Cap, Purple Cap, MVP, Emerging Player, Fair Play"
67,27-05-2026,IPL 2026,Lucknow Super Giants,Royal Challengers Bengaluru,Ekana Cricket Stadium,Lucknow,Lucknow Super Giants,Bat,165,5,20,186,7,20,Royal Challengers Bengaluru,Lucknow Super Giants,3 Wickets,Loss,Win,Ravi Bishnoi,64,Rajat Patidar,66,Ravi Bishnoi,4,Jitesh Sharma,2,Aiden Markram,52,0,Tim David,5,0,Ravi Bishnoi,20,18,19,10,72672,198,Umpire A,Umpire B,5,4,8,4,Jofra Archer,Shubman Gill,Virat Kohli,Nitish Reddy,Chennai Super Kings,Royal Challengers Bengaluru,48,40,36,18,7,1,9.3,7.71,174,66,Mar-31,8,1,2,No,55.56,66.67,Jofra Archer,"Champions, Runner-up, Orange Cap, Purple Cap, MVP, Emerging Player, Fair Play"
68,28-05-2026,IPL 2026,Rajasthan Royals,Punjab Kings,Sawai Mansingh Stadium,Jaipur,Punjab Kings,Bat,243,8,20,218,2,20,Rajasthan Royals,Punjab Kings,25 Runs,Win,Loss,Sandeep Sharma,52,Yuzvendra Chahal,65,Jofra Archer,5,Marco Jansen,5,Dhruv Jurel,30,3,Yuzvendra Chahal,13,2,Yuzvendra Chahal,19,8,15,17,50926,231,Umpire A,Umpire B,9,8,11,7,Jofra Archer,Shubman Gill,Virat Kohli,Nitish Reddy,Chennai Super Kings,Rajasthan Royals,61,44,40,13,3,3,12.15,12.74,134,65,06-Dec,7,3,1,No,52.94,61.11,Jofra Archer,"Champions, Runner-up, Orange Cap, Purple Cap, MVP, Emerging Player, Fair Play"
69,29-05-2026,IPL 2026,Chennai Super Kings,Punjab Kings,M. A. Chidambaram Stadium,Chennai,Chennai Super Kings,Bat,189,4,20,196,7,20,Punjab Kings,Chennai Super Kings,3 Wickets,Loss,Win,MS Dhoni,57,Prabhsimran Singh,51,Ravindra Jadeja,4,Marco Jansen,5,Noor Ahmad,55,4,Marco Jansen,,1,MS Dhoni,23,8,23,11,67859,231,Umpire A,Umpire B,4,10,11,7,Jofra Archer,Shubman Gill,Virat Kohli,Nitish Reddy,Chennai Super Kings,Punjab Kings,62,81,35,8,4,1,9.8,9.25,152,57,Apr-33,7,1,0,No,28.57,61.11,Jofra Archer,"Champions, Runner-up, Orange Cap, Purple Cap, MVP, Emerging Player, Fair Play"
70,30-05-2026,IPL 2026,Mumbai Indians,Rajasthan Royals,Wankhede Stadium,Mumbai,Rajasthan Royals,Bat,185,4,20,169,9,20,Mumbai Indians,Rajasthan Royals,16 Runs,Win,Loss,Ryan Rickelton,72,Sandeep Sharma,90,Jasprit Bumrah,2,Sandeep Sharma,2,Suryakumar Yadav,18,3,Dhruv Jurel,38,3,Ryan Rickelton,14,14,10,7,,193,Umpire A,Umpire B,9,10,9,8,Jofra Archer,Shubman Gill,Virat Kohli,Nitish Reddy,Chennai Super Kings,Mumbai Indians,49,66,32,7,5,1,9.25,12.26,167,90,Jun-19,7,1,2,No,47.37,52.94,Jofra Archer,"Champions, Runner-up, Orange Cap, Purple Cap, MVP, Emerging Player, Fair Play"
71,31-05-2026,IPL 2026,Punjab Kings,Kolkata Knight Riders,PCA Stadium,Mohali,Punjab Kings,Field,178,7,20,238,8,20,Kolkata Knight Riders,Punjab Kings,2 Wickets,Loss,Win,Prabhsimran Singh,109,Ajinkya Rahane,102,Nehal Wadhera,4,Ajinkya Rahane,2,Prabhsimran Singh,8,0,Varun Chakravarthy,25,2,Ajinkya Rahane,22,11,18,11,79477,194,Umpire A,Umpire B,11,7,10,9,Jofra Archer,Shubman Gill,Virat Kohli,Nitish Reddy,Chennai Super Kings,Kolkata Knight Riders,80,90,29,12,5,2,11.9,9,78,109,Apr-18,3,0,1,No,61.11,52.63,Jofra Archer,"Champions, Runner-up, Orange Cap, Purple Cap, MVP, Emerging Player, Fair Play"
72,01-06-2026,IPL 2026,Chennai Super Kings,Delhi Capitals,M. A. Chidambaram Stadium,Chennai,Chennai Super Kings,Bat,170,10,20,222,8,20,Delhi Capitals,Chennai Super Kings,2 Wickets,Loss,Win,Ruturaj Gaikwad,86,KL Rahul,85,Ruturaj Gaikwad,3,Faf du Plessis,5,R Ashwin,39,2,Mukesh Kumar,37,2,Ruturaj Gaikwad,18,14,18,13,76447,221,Umpire A,Umpire B,4,10,6,6,Jofra Archer,Shubman Gill,Virat Kohli,Nitish Reddy,Chennai Super Kings,Delhi Capitals,66,39,36,18,6,0,11.1,10.27,119,86,Mar-26,8,0,0,No,28.57,50,Jofra Archer,"Champions, Runner-up, Orange Cap, Purple Cap, MVP, Emerging Player, Fair Play"
73,02-06-2026,IPL 2026,Chennai Super Kings,Punjab Kings,M. A. Chidambaram Stadium,Chennai,Chennai Super Kings,Bat,183,2,20,205,7,20,Punjab Kings,Chennai Super Kings,3 Wickets,Loss,Win,Matheesha Pathirana,106,Glenn Maxwell,66,Devon Conway,5,Yuzvendra Chahal,3,R Ashwin,52,1,Yuzvendra Chahal,2,4,Matheesha Pathirana,21,7,13,6,58903,205,Umpire A,Umpire B,4,10,11,7,Jofra Archer,Shubman Gill,Virat Kohli,Nitish Reddy,Chennai Super Kings,Punjab Kings,56,43,53,18,5,0,10.25,12.22,162,106,May-23,3,1,1,No,28.57,61.11,Jofra Archer,"Champions, Runner-up, Orange Cap, Purple Cap, MVP, Emerging Player, Fair Play"
74,03-06-2026,IPL 2026,Punjab Kings,Royal Challengers Bengaluru,PCA Stadium,Mohali,Royal Challengers Bengaluru,Field,198,8,20,164,5,20,Punjab Kings,Royal Challengers Bengaluru,34 Runs,Win,Loss,Nehal Wadhera,67,Josh Hazlewood,103,Shreyas Iyer,4,Phil Salt,4,Prabhsimran Singh,43,2,Josh Hazlewood,39,3,Josh Hazlewood,13,9,14,14,49562,199,Umpire A,Umpire B,11,7,8,4,Jofra Archer,Shubman Gill,Virat Kohli,Nitish Reddy,Chennai Super Kings,Royal Challengers Bengaluru,52,71,58,6,2,0,9.9,11.83,128,103,May-26,6,3,0,No,61.11,66.67,Jofra Archer,"Champions, Runner-up, Orange Cap, Purple Cap, MVP, Emerging Player, Fair Play"
7,28-03-2026,IPL 2026,Mumbai Indians,Kolkata Knight Riders,Wankhede Stadium,Mumbai,Kolkata Knight Riders,Bat,224,3,20,217,3,20,Mumbai Indians,Kolkata Knight Riders,7 Runs,Win,Loss,Hardik Pandya,101,Varun Chakravarthy,83,Tilak Varma,2,Quinton de Kock,4,Hardik Pandya,59,0,Quinton de Kock,60,1,Hardik Pandya,14,7,24,7,,220,Umpire A,Umpire B,9,10,10,9,Jofra Archer,Shubman Gill,Virat Kohli,Nitish Reddy,Chennai Super Kings,Mumbai Indians,75,53,56,11,9,3,11.2,14.36,79,101,Jun-24,6,0,0,No,47.37,52.63,Jofra Archer,"Champions, Runner-up, Orange Cap, Purple Cap, MVP, Emerging Player, Fair Play"
54,14-05-2026,IPL 2026,Chennai Super Kings,Punjab Kings,M. A. Chidambaram Stadium,Chennai,Punjab Kings,Field,195,3,20,161,6,20,Chennai Super Kings,Punjab Kings,34 Runs,Win,Loss,Devon Conway,68,Prabhsimran Singh,72,Shivam Dube,4,Glenn Maxwell,5,Matheesha Pathirana,12,1,Shreyas Iyer,8,1,Glenn Maxwell,11,10,23,18,36628,217,Umpire A,Umpire B,4,10,11,7,Jofra Archer,Shubman Gill,Virat Kohli,Nitish Reddy,Chennai Super Kings,Punjab Kings,77,49,27,9,3,3,9.75,8.52,160,72,Jun-32,3,2,2,No,28.57,61.11,Jofra Archer,"Champions, Runner-up, Orange Cap, Purple Cap, MVP, Emerging Player, Fair Play"
40,30-04-2026,IPL 2026,Punjab Kings,Kolkata Knight Riders,PCA Stadium,Mohali,Kolkata Knight Riders,Bat,203,10,20,192,8,20,Punjab Kings,Kolkata Knight Riders,11 Runs,Win,Loss,Marcus Stoinis,101,Venkatesh Iyer,101,Glenn Maxwell,3,Harshit Rana,4,Yuzvendra Chahal,6,2,Ajinkya Rahane,34,2,Harshit Rana,10,12,14,9,38005,245,Umpire A,Umpire B,11,7,10,9,Jofra Archer,Shubman Gill,Virat Kohli,Nitish Reddy,Chennai Super Kings,Punjab Kings,43,59,25,17,4,1,10.15,13.87,146,101,Apr-14,4,2,1,No,61.11,52.63,Jofra Archer,"Champions, Runner-up, Orange Cap, Purple Cap, MVP, Emerging Player, Fair Play"
33,23-04-2026,IPL 2026,Delhi Capitals,Chennai Super Kings,Arun Jaitley Stadium,Delhi,Chennai Super Kings,Bat,185,9,20,240,8,20,Chennai Super Kings,Delhi Capitals,2 Wickets,Loss,Win,Abishek Porel,103,Shivam Dube,46,Mukesh Kumar,3,Ruturaj Gaikwad,5,Mitchell Starc,55,1,MS Dhoni,4,3,Shivam Dube,22,10,15,15,75397,210,Umpire A,Umpire B,6,6,4,10,Jofra Archer,Shubman Gill,Virat Kohli,Nitish Reddy,Chennai Super Kings,Delhi Capitals,,78,25,13,6,3,12,9.59,98,103,Mar-13,7,0,0,Yes,50,28.57,Jofra Archer,"Champions, Runner-up, Orange Cap, Purple Cap, MVP, Emerging Player, Fair Play"
